Domande,Risposte
Quali sono gli arredamenti essenziali per un ufficio?,"sono la scrivania, la sedia"
Quali sono le scrivanie in bamboo?,"nella serie ANFALLARE, ci sono i modelli : HILVER, ALEX, ADILS,  MITTBACK, OLOV, TILLSLAG,  KRILLE che sono scrivanie del materiale bambù"
Qual è la sedia da gaming più economica?,la sedia da gaming HUVUDSPELARE
Quali sono le sedie da gaming disponibili a Collegno?,"Sono disponibili a collegno le sedia da gaming: MATCHSPEL,STYRSPEL,GRUPPSPEL, UTESPELARE"
Qual è la sedia da gaming più costosa?,La sedia da gaming più costosa è la GRUPPSPEL
Cosa dovrebbe avere la mia postazione da gaming ?,"La postazione da gaming perfetta deve avere una scrivania adeguata alla mia altezza, una sedia con schienale ergonomico, una cassettiera per ordinare i cavi, un portaoggetti da muro, in oltre e fondamentale avere anche gli accessori come :  casse wi-fi Symfonisk, kit dimmer wireless, tendifilo per mouse, un pratico supporto cuffie, tazze antigoccia, cuscini per un miglior confort"
Qual è la cassettiera adatta alla mia postazione da gaming?,Cassettiera con rotelle della serie  UPPSPEL 40x58 cm a €119
Qual è la miglior scrivania da gaming?,La migglior scrivania da gaming è quella della UPPSPEL 180x80 cm a €550
Quali sono gli articoli da gaming?,"La serie UPSPEL e la serie dedicata agli articoli da gaming. comprende : la vetrina, la scrivania da gaming, il supporto per la CPU, il pannello porta oggetti, cassettiera con rotelle, e un piano tavolo"
Qual è la vetrinetta adatta ad un ambiente da gaming?,"la UPPSPEL Vetrina 76x56 cm a €69,95Prezzo"